1,Susu full cream,"Lesitin kedelai (INS 322) 0,2%"
2,Susu skim,"Lesitin kedelai (INS 322) 0,04%"
3,Susu skim,-
4,Susu full cream,"Lesitin (INS 322i) 0,19%"
5,Susu skim,"Lesitin kedelai (INS 322) (0,2%)
"
6,Susu full cream,Lesitin kedelai (INS 322)
7,Krimer nabati,"Natrium Kaseinat 2,5%, 
Dikalium fosfat (INS 340ii) 1,75%, 
Mono dan digliserida asam lemak (INS 471) 0,75% , 
Natrium polifosfat (INS 452i) 0,5% ,
 Silikon dioksida (INS 551) 0,25%, 
Beta karoten (INS 160a) qs"
8,Buttermilk,-
9,Krimer nabati,Potassium phosphate (stabilizer) (E340) (2%)
10,Krimer nabati,"Dipotassium monohydrogen phosphate (E340 ii)
Emulsifier Sodium Stearoyl Lactate (E481)"
11,Krimer,"Silicon dioxide (E551) <1%
Penta sodium tri phosphate (E451 i) <1%
Tocopherol (INS 307b)"
12,Susu segar,-
13,Krimer nabati,"Dipotassium fosfat (E340ii) 2%
Natrium polifosfat (E452i) 0,5%
Mono & digliserida dari asam-asam lemak (E471) 1,25%
Ester asam lemak dari gliserol (E472e) 0,3%
Silikon dioksida (E551) 0,4%"
14,Krimer nabati,"Natrium kaseinat 2,5-3%;
Kalium fosfat (INS 340) dan garam polifosfat (INS 452) 2,5 - 3% ;
Mono dan digliserida dari asam-asam lemak (INS 471) 0,5 -1%;
Silikon dioksida (INS 551) 0,25%"
15,Krimer nabati,"Dipotassium fosfat (INS 340 (ii)) dan trisodium sitrat (INS E 331 (iii)) 1-2% ;
Mono dan digliserida dari asam-asam lemak (INS E 471) 1-2%;
Silikon dioksida (INS E 551) 0,3 %"
16,Krimer nabati,"Emulsifier 471, 472e 2-5%
Stabilisers 340(ii), 1450 2 %"
17,Krimer nabati,"E339 < 5%
E331 < 5%
E270 < 5%"
18,Sereal,-
19,Oatmeal,-
20,Beras krispy,-
21,Emping jagung,"Trinatrium fosfat (INS 339iii) ;
Trikalsium fosfat (INS 341ii);
Tokoferol campuran pekat (INS 307b)"
22,Emping jagung,-
23,Tepung beras,-
24,Emping kentang,
25,Susu kedelai bubuk ,-
26,Emping jagung,
27,Emping kentang,"emulsifier mono- and diglycerides of fatty acids (E 471)
stabilizer disodium diphosphate (E 450i)
antioxidants ascorbyl palmitate (E 304)
spice extract (E 100)"
28,Sereal,Antioxidant (tocopherol)
29,Sereal,"Soy lecithin 
Tocopherol
Ascorbyl Palmitate (250ppm)"
30,Desiccated Coconut,-
31,Biji chia,-
32,Bubuk Ketan Hitam,Maltodextrin 80 %
33,Granola,-
34,Tepung oat,-
35,Bubuk ubi ungu,-
36,Kismis,-
37,Konsentrat jeruk,-
38,Bulir jeruk,-
39,Serbuk lemon,-
40,Serbuk apel,-
41,serbuk leci,-
42,serbuk wortel,-
43,serbuk anggur,Asam sitrat (INS 330)
44,konsentrat apel,-
45,konsentrat anggur,-
46,konsentrat delima,-
47,Serbuk lidah buaya,-
48,serbuk seledri,-
49,serbuk mentimun,-
50,serbuk jeruk organik,Lesitin bunga matahari (INS 322i) < 1%
51,serbuk nanas,Asam sitrat (INS 330)
52,serbuk kiwi,Lesitin bunga matahari (INS 322i) < 1%
53,serbuk melon,-
54,serbuk bayam,Kalium karbonat (INS 501i)
55,serbuk asparagus,-
56,serbuk manggis,-
57,serbuk sirsak,-
58,santan,-
59,Puree jambu,Asam sitrat (INS 330) 2%
60,serbuk jambu,-
61,serbuk stroberi,Asam sitrat (INS 330)
62,puree stroberi,-
63,serbuk pisang,-
64,bulir sirsak,-
65,serbuk rosella,-
66,stroberi,-
67,kismis potong,-
68,konsentrat lemon,maltodekstrin
69,puree jambu,-
70,konsentrat cranberry,maltodekstrin
71,konsentrat mangga,-
72,serbuk jeruk,-
73,serbuk mangga,maltodekstrin
74,serbuk mangga,-
75,serbuk kelapa,maltodextrin
76,serbuk brokoli,"Maltodextrin 30-40%
Xanthan gum 0.04-0.08%"
77,air kelapa,-
78,serbuk mungbean,-
79,Serbuk pepaya,Maltodextrin 20-30%
80,Extraxt Tamarind,Propylene Glycol  10-12 %
81,santan,"Maltodextrin 17.96 %
Sodium Caseinate E469 Min. 2 %
TCP E341 0.04 %"
82,,-
83,serbuk nanas,
84,Bubuk kopi,-
85,Bubuk cokelat,Kalsium karbonat (INS 170i)
86,Keping cokelat,Lesitin kedelai (INS 322)
87,Bubuk teh hijau,-
88,Bubuk cokelat,Kalium karbonat (INS 501i) 3%
89,Bubuk teh,-
90,Bubuk cokelat,-
91,Coklat blok,-
92,coklat putih ,"Soy lecithin (E322) 0.57%
Natural identical vanilla flavor 0.03%"
93,Coklat blok,"Artificial Vanilla Flavor 0.15%
Soy lecithin 0.4%"
94,Coklat blok,"Soya Lechitin (E322) 0.5%
Chocolate Flavor 0.05%
Antioxidants (BHT, E321)"
95,Bubuk cokelat,Potassium carbonate 
96,Bubuk the,-
97,Gula fruktosa,-
98,Gula sukrosa,-
99,Serbuk madu,Silikon dioksida (INS 551) < 2 %
100,Sirup glukosa,-
101,Gula aren,-
102,Serbuk madu,"Maltodextrin 40-45%
Dextrose 30-40%
Sodium Carbonate (E-500) 0.5-1%"
103,Manuka honey,Maltodextrin 70%
104,Isolat protein kedelai,-
105,Nugget kedelai,-
106,Konsentrat protein whey,Lesitin kedelai (INS 322)
107,Kasein,"Lesitin kedelai (INS 322) 0,3%"
108,Kasein,-
109,Isolat protein kedelai,Lesitin kedelai (INS 322) < 2%
110,isolat protein whey,-
111,Konsentrat protein whey,Soy Lecithin 1%
112,Bubuk whey,-
113,isolat protein kedelai,Lesitin kedelai (INS 322) 1%
114,Maltodekstrin,-
115,Polidekstrosa,-
116,Serat inulin,-
117,Cyclodekstrin,-
118,Selulosa,-
119,Serat oat,-
120,Serat,-
121,Serat jagung larut,-
122,L-Carnitine,-
123,L-Carnitine,"Asam tartrat (INS 334) 31,8%"
124,CLA,"Tetrakalium difosfat (INS 450vi) 0,1-1%
Silikon dioksida (INS 551)  1-5%
Tokoferol campuran pekat (INS 307b) 0,1%
Askorbil palmitat (INS 304)  0,1%"
125,Kondroitin,NA
126,Kolagen,NA
127,Omega 3,"Pati natrium oktenil suksinat (INS 1450) 445 mg/g
Askorbil palmitat (INS 304)  250 ppm
Silikon dioksida (INS 551)   10 mg/g
Natrium askorbat (INS 301)  45 mg/g"
128,Creatine monohidrat,-
129,Fase 2,-
130,Glukosamin,-
131,Kolin,"Silikon dioksida (INS 551) 0,5-1%"
132,Bubuk MCT,"Natrium kaseinat
Tokoferol campuran pekat (INS 307b)
Ester asam lemak dari gliserol (INS 472)"
133,Lemak bubuk,"Ester asam sitrat dari mono dan digliserida (INS 472c) 2%
Lesitin kedelai (INS 322) 1%
Tokoferol campuran pekat (INS 307b) 1%
Askorbil palmitat (INS 304)  1%"
134,Omega 3,"Tokoferol campuran pekat (INS 307b) 300 ppm
Askorbil palmitat (INS 304)  75 ppm
Natrium askorbat (INS 301) 50 mg/g
Silikon dioksida (INS 551)  < 5 mg/g"
135,L-Lysine,-
136,Gliserin,-
137,Kolagen,-
138,Leusin,-
139,Kroskarmelos,-
140,Laktosa,-
141,Karnitin,
142,Sterol ester,-
143,CLA,"sufflower oil
glucose syrup
sodium caseinate
anti-caking agent (silikon dioxide E551)
lecithin (E322)
stabilizer (tetrasodium diphosphate E450iii), antioxidant(E306, extract of natural origin rich in tocopherols(natural vit E) "
144,Omega 3,"Tocopherol
Ascorbyl Palmitate
Sodium Ascorbate 45mg/g
Silicon Dioxide 10mg/g"
145,Kondroitin,-
146,Omega 3,"Sodium Ascorbate (E 301) 3-7 %
TCP (E 341) 0.1-2 %
Tocopherol-Rich Extract (E 306) 0.1-1%
Mono and diglycerides of Fatty Acids (E 471) Max 0.1 %
Lecithins from soybean (E 322) Max. 0.1 %
Ascorbyl Palmitate (E 304) Max. 0.1 %"
147,Omega 3,
148,Perisa artifisial ,"Trietil sitrat (INS 1505) 11%
Pati natrium oktenil suksinat (INS 1450) 5%"
149,Perisa alami ,"Gom Arab (INS 414) 1,5%
Silikon dioksida (INS 551) 0,9%
Ester poligliserol asam lemak (INS 475) 0,9%
Lesitin kedelai (INS 322) 0,9%
"
150,Perisa artifisial ,Propilen glikol (INS 1520) >90%
151,Perisa artifisial ,"Propilen glikol (INS 1520) 83,5%"
152,Perisa identik alami,"Gom Arab (INS 414) 1,4%, 
Lesitin kedelai (INS 322) 1,2%
Silikon dioksida (INS 551) 0,9%
dl-alfa-Tokoferol (INS 307c) 0,01%"
153,Perisa artifisial ,"Gom Arab (INS 414) 9,99%"
154,Perisa alami ,"Silikon dioksida (INS 551) 0,9%
Lesitin kedelai (INS 322) 0,5%"
155,Perisa artifisial ,"Propilen glikol (INS 1520) 2,9%
Triasetin (INS 1518) 11,7%
Silikon dioksida (INS 551)  2%"
156,Perisa artifisial ,"Silikon dioksida (INS 551) 3%
Propilen glikol (INS 1520)  0,45%"
157,Perisa identik alami,"Gom Arab (INS 414) 20-30%
Alfa-Tokoferol (INS 307a) < 0,01%"
158,Perisa artifisial ,"Triasetin (INS 1518) 1,5%
Pati natrium oktenil suksinat (INS 1450) 3%"
159,Perisa identik alami,Food Starch Modified (INS 1450) 20 %
160,Perisa artifisial ,Modified starch (INS 1450) 30%
161,Bubuk Kedelai,"Mononatrium glutamat (INS 621)
Karamel III amonia proses (INS 150c)"
162,Perisa artifisial ,"Gom Arab (INS 414) 10%
Triasetin (INS 1518) 1- 5%
Silikon dioksida (INS 551)  1-5%"
163,Perisa identik alami,"Triasetin (INS 1518) 0,9%
Pati natrium oktenil suksinat (INS 1450) 5%"
164,Perisa artifisial ,Pati natrium oktenil suksinat (INS 1450) 11%
165,Perisa identik alami,"Alfa-Tokoferol (INS 307a) 0,007%"
166,Perisa alami ,"Gom Arab (INS 414) 27,17%"
167,Perisa identik alami,"Triasetin (INS 1518) 2,6%
dl-alfa-Tokoferol (INS 307c) 0,001%
Pati natrium oktenil suksinat (INS 1450) 7,9%"
168,Perisa identik alami,"Lesitin kedelai (INS 322) 0,8%
Triasetin (INS 1518) 0,3%
Silikon dioksida (INS 551) 0,2%"
169,Perisa artifisial ,"Triasetin (INS 1518) 1,7%
Silikon dioksida (INS 551)  0,9%
Lesitin kedelai (INS 322) 0,7%"
170,Perisa identik alami,"Lesitin kedelai (INS 322) 0,9%
Silikon dioksida (INS 551)  0,9%
Propilen glikol (INS 1520) 0,1%
"
171,Perisa identik alami,"Triasetin (INS 1518) 13%
Belerang dioksida (INS 220) 0,001%
Pati natrium oktenil suksinat (INS 1450) 20%"
172,Perisa alami ,"Lesitin kedelai (INS 322) 0,5%
Silikon dioksida (INS 551)  0,2%"
173,Perisa identik alami,"Triasetin (INS 1518) 2,3%
Gom Arab (INS 414)  1,4%
Ester asam lemak dan diasetiltartrat dari gliserol (INS 472e) 1,2%
Silikon dioksida (INS 551)  1,1%"
174,Perisa alami ,"Gom Arab (INS 414)  1,4%
Lesitin kedelai (INS 322) 0,9%
Ester poligliserol asam lemak (INS 475) 0,9%
Silikon dioksida (INS 551)  0,9%"
175,Perisa alami ,"Lesitin kedelai (INS 322) 0,9%
Silikon dioksida (INS 551)  0,9%
Alfa-Tokoferol (INS 307a) 0,01%"
176,Perisa identik alami,"Pati natrium oktenil suksinat (INS 1450) 9%
Triasetin (INS 1518) 4,6%
Alfa-Tokoferol (INS 307a) 0,001%
"
177,Perisa identik alami,-
178,Perisa identik alami,"Pati natrium oktenil suksinat (INS 1450) 7,9%
Propilen glikol (INS 1520)  2,5%
Triasetin (INS 1518) 1,7%"
179,Perisa identik alami,"Propilen glikol (INS 1520) 95,31%"
180,Perisa artifisial ,"Propilen glikol (INS 1520)  >90%
Karamel IV amonia sulfit proses (INS 150d) 0,03%"
181,Perisa identik alami,"Propilen glikol (INS 1520) 80 - 90%
Triasetin (INS 1518) 1-5%
Asam Asetat (INS 260) 0,1 - 1%"
182,Perisa identik alami,"Triasetin (INS 1518) 3,8%
Lesitin kedelai (INS 322) 0,9%
Silikon dioksida (INS 551)  0,9%"
183,Perisa identik alami,"Triasetin (INS 1518) 5%
Pati natrium oktenil suksinat (INS 1450) 10%
Belerang dioksida (INS 220) 0,001%"
184,Perisa identik alami,"Gom Arab (INS 414) 30-40%
Triasetin (INS 1518) 10%
Asam Asetat (INS 260) 0,1-1%"
185,Perisa identik alami,"Selulosa (INS 460) 10%
Silikon dioksida (INS 551)  10%"
186,Perisa identik alami,"Triasetin (INS 1518) 12,6%"
187,Perisa identik alami,"Maltitol (INS 965i) 35,9%
Triasetin (INS 1518) 2,8%
Gom Arab (INS 414)  2,6%
Ester asam lemak dan diasetiltartrat dari gliserol (INS 472e) 1,5%
Silikon dioksida (INS 551) 1,1%"
188,Perisa identik alami,"Triasetin (INS 1518) 11%
Pati natrium oktenil suksinat (INS 1450) 1-10%
Belerang dioksida (INS 220) < 10 ppm"
189,Perisa identik alami,"Triasetin (INS 1518) 6%
Gom Arab (INS 414) 1,5%
Lesitin (INS 322) 1%
Silikon dioksida (INS 551)  0,9%"
190,Perisa identik alami,"Propilen glikol (INS 1520) 87%
Alfa-Tokoferol (INS 307a) 2 ppm"
191,Perisa artifisial ,"Propilen glikol (INS 1520)  13,55%
Triasetin (INS 1518) 77,67%"
192,Perisa artifisial ,"Pati natrium oktenil suksinat (INS 1450)  20-130%
Triasetin (INS 1518) 5%
Belerang dioksida (INS 220) < 10 ppm
Alfa-Tokoferol (INS 307a) 3 ppm"
193,Perisa alami ,"Pati natrium oktenil suksinat (INS 1450) 1-10%
Triasetin (INS 1518) 5%
Belerang dioksida (INS 220) < 10 ppm"
194,Perisa identik alami,"Gom Arab (INS 414) 13%
Triasetin (INS 1518) 8%
Belerang dioksida (INS 220) < 10 ppm"
195,Perisa artifisial ,"Gom Arab (INS 414) 16,32%"
196,Perisa identik alami,"Pati natrium oktenil suksinat (INS 1450) 10-20%
Belerang dioksida (INS 220) < 10 ppm"
197,Perisa alami ,"Pati natrium oktenil suksinat (INS 1450) 10-20%
Alfa-Tokoferol (INS 307a) 0,01%
Belerang dioksida (INS 220) < 10 ppm"
198,Perisa alami ,"Gom Arab (INS 414) 1,5%
Lesitin (INS 322) 1,1%
Silikon dioksida (INS 551)  1%"
199,Perisa identik alami,"Pati natrium oktenil suksinat (INS 1450) 10-20%
Triasetin (INS 1518) 12%
Belerang dioksida (INS 220) <10 ppm"
200,Perisa artifisial ,"Triasetin (INS 1518) 1,1%
Lesitin (INS 322) 0,5%
Silikon dioksida (INS 551)  0,2%
dl-alfa-Tokoferol (INS 307c) 0,001%"
201,Perisa identik alami,"Gom Arab (INS 414) 20%
Butil Hidroksi Anisol/BHA (INS 320)  0,01%
Belerang dioksida (INS 220) < 10 ppm"
202,Perisa artifisial ,"Gom Arab (INS 414) 20,82%
"
203,Perisa artifisial ,"Propilen glikol (INS 1520) 80,7%
Triasetin (INS 1518) 3,7%
Karamel IV amonia sulfit proses (INS 150d) 0,001%"
204,Perisa artifisial ,"Propilen glikol (INS 1520)  80%
Triasetin (INS 1518) 14%"
205,Perisa artifisial ,"Maltodextrin 60%
Pati natrium oktenil suksinat (INS 1450) 20%
Triasetin (INS 1518) 10%
Karamel IV amonia sulfit proses (INS 150d) 0,03%"
206,Perisa artifisial ,"Silikon dioksida (INS 551) 0,9%
Lesitin (INS 322) 0,6%"
207,Perisa artifisial ,"Selulosa (INS 460) 5-15%
Silikon dioksida (INS 551)  3%
Pati natrium oktenil suksinat (INS 1450) 0,1-1%
Dinatrium Guanilat (INS 627) 1%
Dinatrium Inosinat (INS 631) 1%
Alfa-Tokoferol (INS 307a) 37 ppm
Belerang dioksida (INS 220) < 10 ppm
Lesitin (INS 322) 3 ppm
Asam Askorbat (INS 300) 2 ppm
Askorbil palmitat (INS 304)  1 ppm

"
208,Perisa artifisial ,"Pati natrium oktenil suksinat (INS 1450) 7,9%
Triasetin (INS 1518) 2,5%"
209,Perisa artifisial ,"Gom Arab (INS 414)  1-10%
Belerang dioksida (INS 220) < 10 ppm"
210,Perisa artifisial ,"Arabic gum 2%
Maltodekstrin"
211,Perisa artifisial ,INS 1518 Triacetin 4.1%
212,Perisa artifisial ,INS 1520 Propylene glycol
213,Perisa artifisial ,Propylene glycol
214,Perisa artifisial ,INS 501 (i) Potassium carbonate 0.2%
215,Perisa artifisial ,"Maltodextrin
Modified Starch E1450  6-11%"
216,Perisa alami ,"Maize maltodextrin
Flavourings 
Medium chain triglycerides (from coconut and/or palm kernel fatty acids)
INS 322 Soy-Lecithins 0.6%
Salt
INS 471 Mono- and diglycerides of fatty acids 0.4%
INS 551 Silicon dioxide 0.2%"
217,Perisa artifisial ,"INS 1450 Modified corn starch 3.8%
INS 441 Gum arabic 2.4%
INS 322 Soy Lecithins 1.5%
INS 551 Silicon dioxide 1.0%
INS 1518 Triacetin 0.9%
INS 307c dl-alpha-Tocopherol 0.003%"
218,Perisa artifisial ,"Food starch modified (INS No. 1450) 20.17%
Silicon dioxide (INS No. 551) 0.96%"
219,Perisa artifisial ,"Food starch modified (INS No.1450) 20.17%
Silicon dioxide (INS No. 551) 0.96%"
220,Perisa artifisial ,"INS 1450 Modified corn starch 8.2%
maltodextrin
flavoring"
221,Perisa artifisial ,"INS 1450 Modified corn starch 6-11%
INS 1520 Propylene glycol 2-7%"
222,Perisa artifisial ,"Maltodextrine
Soy Sauce Powder (Fermented)
Yeast extract
Caramel Color (Class I - E150a (10%))
Silicon dioxide as anticaking
Sugar ( < 1% )
Palm Sugar ( < 1% )"
223,Perisa artifisial ,
224,Perisa artifisial ,Sulphur Dioxide 1%
225,Perisa artifisial ,"INS 1520 Propylene glycol 81.5%
INS 422 Glycerol 4.5%
INS 202 Potassium sorbate 0.009%"
226,Perisa artifisial ,"Arabic gum
Maltodekstrin"
227,,"Monosodium Glutamate (E621) 13%
Silicon Dioxide (E551) 2%
Vegetable oils & fats 1-5%
Calcium Lactate (E327) 0.3%
Disodium Inosinate (E631) 0.2%
Disodium Guanylate (E627) 0.2%
Dextrose 0.1-1%
Sodium Phosphate/Di- (E339) 0.1%
Tocopherol/Alpha (E307) 22 ppm"
228,Perisa alami ,"Nutmeg Oil 5 - 10%
Arabic Gum Max 30%
Maltodextrine Max 60%
Polysorbate (INS 432) 1 - 5%"
229,Perisa artifisial ,"Silicon Dioxide 3%
Disodium Guanylate 0.5%
Disodium Inosinate 0.5%
Gum Arabic 0.1-1%
Potassium Chloride 0.1-1%
Sugar 0.1-1%
Calcium Phosphate/Tri- <0.1%
Calcium Lactate <0.1%
Mono & Diglycerides of Fatty Acids <0.1%
Polysorbate 60 <0.1%
Sorbitan Monostearate <0.1%
Polysorbate 80 <0.1%"
230,Perisa artifisial ,"Maize maltodextrin
INS 1450 Modified corn starch 9%
INS 1518 Triacetin 3.9%
Flavourings
INS 307c dl-alpha-Tocopherol 0.002%"
231,Perisa artifisial ,"Maize maltodextrin
Flavourings 
INS 1450 Modified corn starch 8.2%
Medium chain triglycerides (from coconut and/or palm kernel fatty acids)
INS 472e Diacetyltartaric and fatty acid esters of glycerol 0.9%
INS 1518 Triacetin 0.06%"
232,Perisa artifisial ,"Maltodextrin 40 - 50 %
Gum arabic E414 20 - 30 %
Glyceryl triacetate (triacetin) E1518 10-20 %
alpha-Tocopherol E307 < 0,01 %"
233,Perisa artifisial ,"Maltodextrin 60 - 70 %
Cocoa powder 10 - 20 %
Gum arabic E414 1 - 5 %
Glyceryl triacetate (triacetin) E1518 1 - 5 %"
234,Perisa artifisial ,"Maize maltodextrin
INS 414 Gum arabic (acacia gum) 8.5%
INS 1520 Propylene glycol 7.6%
Flavourings
INS 1518 Triacetin 0.2%"
235,,Flavoring
236,Perisa alami ,"Modified starch (E-1450) 1-10%
Triacetin (E1518) 1-5%
Sulphur dioxide (E220) 56ppm
Flavoring"
237,Perisa artifisial ,"Flavorings (Nature-identical, Natural) 1-10%
Maltodextrin 75%
Modified Starch (E1450) 13%
Triacetin 8%"
238,Perisa artifisial ,"INS 1518 Triacetin 12.7%
INS 1450 Modified corn starch  7.9%
INS 1520 Propylene glycol 0.6%"
239,Perisa artifisial ,"Flavourings
INS 1520 Propylene glycol 20%
INS 307c dl-alpha-Tocopherol 0.005%"
240,Perisa artifisial ,"Silicon Dioxide (E551) 3%
Disodium guanylate (627) 0.5%
Disodium inosinate (631) 0.5%"
241,Perisa artifisial ,"Flavourings
INS 1520 Propylene glycol 95.5%
INS 1518 Triacetin 4.1%"
242,Perisa artifisial ,"Flavoring
Dextrose"
243,Perisa artifisial ,"Maltodextrin
Arabic gum 2%"
244,Perisa artifisial ,INS 1520 Propylene glycol 95-100%
245,Perisa artifisial ,"INS 411 Gum arabic (acacia gum) 8.5%
INS 1520 Propylene glycol 7.2%
INS 1518 Triacetin 0.6%"
246,Perisa artifisial ,"Flavoring 10-20%
Propylene glycol 77%
Tocopherol/alpha <10ppm
Steviol equivalent 0.2 ppm"
247,Perisa artifisial ,"Maltodextrin
Flavorings
INS 411 Gum arabic (acacia gum) 8%"
248,Perisa artifisial ,"Flavourings
INS 414 Gum arabic (acacia gum) 1.4%
INS 322 Soy-Lecithins 1%
INS 551 Silicon dioxide 0.9%
INS 307c dl-alpha-Tocopherol 0.003%"
249,Perisa artifisial ,"Flavourings
INS 322 Soy-Lecithins 1%
INS 551 Silicon dioxide 0.4%
INS 307c dl-alpha-Tocopherol 0.007%"
250,Perisa artifisial ,"INS1450 Modified corn starch 8.6%
INS1518 Triacetin 5.3%"
251,Perisa artifisial ,"Maltodextrin
Modified Starch E1450 9%
Flavorings
Triacetin INS1518 1.1%"
252,Perisa artifisial ,"Sodium Octenyl Succinated Starch 20%
Glyceryl triacetate (triacetin) 10.90%"
253,Perisa artifisial ,"INS 414 Gum arabic (acacia gum) 45-50% 
INS1518 Triacetin 9-14%"
254,Perisa artifisial ,INS 414 Gum arabic (acacia gum) 3.62% 
255,Perisa artifisial ,"INS 414 Gum arabic (acacia gum) 5-10% 
Silicon dioxide 1-5%"
256,Perisa artifisial ,"Nature-identical flavouring substance(s) 
Natural flavouring substance(s) 
Artificial flavouring substance(s)
Tapioca Maltodextrin  69 – 74%
Modified Tapioca Starch, 1450 10 – 15%
Triacetin, 1518   2 – 7%"
257,Perisa artifisial ,"Triasetin, 1518  <2%
Modified waxy maize starch, 1450  6-11%"
258,Perisa artifisial ,-
259,Perisa artifisial ,"Pati natrium oktenilsuksinat INS 1450 7%
Asam Asetat INS 260 0.8704%"
260,Perisa artifisial ,"Starch 80%
Maltose 10%"
261,Perisa artifisial ,"Maltodextrin 30.08%
Starch Sodium Octenyl Succinate INS N1450 28%
Peanut Oil 17.1869
Sugar 16%
Salt 3.4895%
Triacetin INS N1518 0.8147%
Propylene Glycol INS N1520 0.3716%"
262,Perisa artifisial ,"Maltodextrin 49.9%
Sodium octenyl succinated starch  E1450  18.0%
Glyceryl triacetate (triacetin)  E1518  16.8%"
263,Perisa artifisial ,"Maltodextrin 71.9%
Vegetable oil 2.0%
Sodium Octenyl Succinated Starch (INS 1450) 12.9%
Butylated hydroxyanisole (BHA) (INS 320) 0.058%
alpha-Tocopherol (INS 307) 0.003%
Silicon dioxide (INS 551) 1.0%
Glyceryl triacetate (triacetin) (INS 1518) 3.5%"
264,Perisa artifisial ,"Propylene Glycol 91.5%
Triacetin 5%
"
265,Perisa artifisial ,"Maltodextrine
INS 414 Gum arabic (acacia gum) 8.5%
INS 1518 Triacetin 2.7%"
266,Perisa artifisial ,INS 1520 Propylene glycol (72.4%)
267,Perisa artifisial ,"gum arabic (INS E414) 12.15%
triacetin (INS E1518) 0.35%
PG (INS 1520) 0.12%
benzyl alcohol < 0.01%


"
268,Perisa artifisial ,"Sodium Octenyl Succinated Starch E 1450 23%
"
269,Perisa artifisial ,"Propylene glycol, INS 1520 83-88%
Ascorbic acid, INS 300 <0.1% "
270,Perisa artifisial ,"Corn Syrup solids : 87 - 92 %
Acacia gum, 414 : 1-5 %
Triacetin, 1518 : < 2 %
Potato maltodextrin : < 2 %
Sugar : < 2 %"
271,Perisa artifisial ,"INS 1450 Modified corn starch 7.9%
INS 1518 Triacetin 0.2%
INS 1520 Propylene glycol 0.09%"
272,Perisa artifisial ,"INS 414 Gum arabic (acacia gum) 8.5 %
INS 1520 Propylene glycol 0.6 %"
273,Perisa artifisial ,"INS 414 Gum arabic (acacia gum) 4.8 %
INS 1518 Triacetin 1.2 %"
274,Perisa artifisial ,"Maltodextrin 70.6%
modified starch 9 %"
275,Perisa artifisial ,"Maltodextrin 70%
gum arabic (E414) 30%
triacetin (E1518) 10%
Silicon dioxode (E551) 5%"
276,Perisa Identik Alami,"Triacetin INS 1518 1.3%
Soy-Lecithins INS 322 0.9%
Silicon dioxide INS 551 0.2%"
277,Perisa artifisial ,"INS 414 Gum arabic 2.4%
Maize maltodextrin
Sunflower oil"
278,Perisa artifisial ,"Tapioca maltodextrin 61 - 66%
Triacetin, 1518 14 - 19%
Modified tapioca starch, 1450 13 - 18%
Ascorbic acid, 300 < 0.1%"
279,Perisa artifisial ,"Gum arabic (INS414) 12.15%
Triacetin (INS1518) 0.35%
Propylene glycol (INS1520) 0.12%
Benzyl alcohol <0.01%"
280,Perisa artifisial ,"Propylene glycol (INS1520) 92%
Triacetin (INS1518) 1-5%
"
281,Perisa artifisial ,"Triacetin INS1518 20 %
Isomalt INS953 6 %
Gum Arabic INS414 10 %
Silicon Dioxide INS551 1 %
Lecithin ex rapeseed INS322 1.5 %
Mono and diglycerides of fatty acids INS471 1%
Sodium Alginate INS401 0.1 %
Alpha Tocopherol INS307 18 ppm"
282,Perisa artifisial ,"Sodium octenyl succinated starch (E1450) 10-20%
Glyceryl triacetate (triacetin) (E1518) 10-20%"
283,Perisa artifisial ,"Starch Sodium Octenyl Succinate INS 1450 : 20.18 %
Silicon Dioxide INS 551 : 0.97 %
Propylene Glycol INS 1520 : 0.27 %
Polyoxyethylene INS 433 : 0.22 %"
284,Perisa artifisial ,"Calcium carbonate 0.04 %
Silicon dioxide 0.97 %
Tocopherol DL Aplha 0.1 %"
285,Perisa artifisial ,"Triacetin INS 1518 15%
Starch Modified Corn INS 1450 15 %"
286,Perisa artifisial ,"NS 1518 Triacetin 10.9 %
INS 414 Gum arabic 7.9 %
INS 307c dl-alpha-Tocopherol 0.001 %"
287,Perisa artifisial ,Sodium Octenyl succinated starch E 1450
288,Perisa artifisial ,"INS 322 Soy-Lecithins 1 %
INS 551 Silicon dioxide 0.4 %
INS 307c dl-alpha-Tocopherol 0.009 %"
289,Perisa artifisial ,Starch modified E1450 10 %
290,Perisa artifisial ,INS 1520 Propylene glycol 96.4%
291,Perisa artifisial ,"Sodium Octenyl succinated starch E 1450 20-30%
Glyceryl triacetate (triacetin) INS 1518 10-20%"
292,Perisa artifisial ,INS 1450 Modified corn starch 7.9%
293,Perisa artifisial ,Triacetin 1518 1-5%
294,Perisa artifisial ,"Triacetin 1518 1-5%
Alpha-tocopherol 307 0.001 %"
295,Perisa artifisial ,"Gum arabic INS 414 10.1 %
Silicon dioxide INS 551 0.6%"
296,Margarin,"Mono dan digliserida asam lemak (E 471) Confidential            Lesitin (INS 322) Confidential
Beta karoten (INS 160a) <10ppm
Butil Hidroksi Anisol/BHA (INS 320)  100 ppm"
297,Mentega,-
298,Margarin,"Emulsifier
Askorbil palmitat (INS 304) 
Tokoferol
Beta Karoten "
299,Mentega,
300,Lemak bubuk,"Glucose syrup
Mono- and diglyceride of fatty acids (E471)
Dipotassium phosphate (E340ii)
Tipotassium citrate (E332ii)
Ascorbyl palmitate (E304i)
Tocopherol-rich extract (E306)"
301,Lemak susu ,-
302,Shortening,Mono dan digliserida asam lemak (E 471) Confidential                        Butil hidroksianisol/BHA (E 320) Confidential
303,Ekstrak Jahe,-
304,Ekstrak Rempah-rempah,-
305,Ekstrak Kunyit,"Maltodextrin : 1G50 %
Slicon Dioxide:0,5 - 2 %"
306,Ekstrak kelapa,-
307,Ekstrak sereh,-
308,Ekstrak kayu manis,-
309,Bubuk pandan,-
310,Ekstrak jagung,-
311,Ekstrak jagung,Maltodextrin 1-5%
312,Ekstrak sereh,Maltodextrin
313,Bubuk pandan,Maltodextrin 20-30%
314,Ekstrak vanilla,Vanilla flavor powder 70-80%
315,Ekstrak Chamomile,Maltodextrin
316,Pengatur keasaman/ penstabil kalsium laktat,-
317,Garam kalium klorida,-
318,Kalsium karbonat,-
319,Garam NaCl,"Silikon dioksida (E551) 0,2%"
320,Kromium pikolinat,-
321,Premiks Mineral,-
322,Alga merah,-
323,Garam NaCl,
324,Garam NaCl,"KIO3 30ppm
SiO2 0.03%"
325,Premiks Vitamin,-
326,Vitamin D3,-
327,Vitamin C,-
328,Vitamin E,Silikon dioksida (INS 551) <1%
329,Antioksidan kalsium askorbat,-
330,Vitamin B9,-
331,Vitamin B2,-
332,Vitamin B1,-
333,Vitamin B6,-
334,Pengemulsi nabati,-
335,Penstabil nabati,-
336,Pengemulsi nabati,"Tokoferol campuran alami (INS 306) < 400 ppm
Askorbil palmitat (INS 304)  < 150 ppm"
337,Pengawet kalium sorbat,-
338,Pengawet Natrium benzoat,-
339,Natamisin,-
340,Pati,-
341,Pengental,-
342,Bubuk jelly,-
343,Penstabil hewani,"Hidroksipropil dipati fosfat (INS 1442)
Mono dan digliserida asam lemak  (INS 471)"
344,Cloudifier,"Sorbitol (INS 420i)
Sukrosa asetat isobutirat (INS 444)
Natrium Benzoat (INS 221)
Kalium Sorbat (INS 202)
Belerang dioksida (INS 220)"
345,Pewarna Makanan Carmoisine CI 14720 ,Natrium sulfat (INS 514) 15%
346,Pewarna Makanan Kuning Sunset CI 15985,Natrium sulfat (INS 514) 13%
347,Pewarna Makanan Tatrazin CI 19140 ,Natrium sulfat (INS 514) 15%
348,Pewarna Makanan Kuning Sunset CI 15985,Natrium sulfat (INS 514) 2%
349,Pewarna Makanan Karamel IV ,-
350,Cloudifier,"Gom Arab (INS 414) 6%
Titanium dioksida (INS 171) 20%"
351,Pewarna Makanan Brilliant blue  CI No.42090,-
352,Pewarna Makanan Tatrazin CI 19140 ,-
353,Pewarna Makanan Merah Allura CI 16035 ,Natrium sulfat (INS 514) 14%
354,Pewarna Makanan Coklat HT CI 20285,Natrium sulfat (INS 514) 30%
355,Pewarna Betakoretene (sintetik) CI. No. 40800,"Pati natrium oktenil suksinat (INS 1450)
Trikalsium fosfat (INS 341ii)
dl-alfa-Tokoferol (INS 307c)
Natrium askorbat (INS 301)"
356,Serbuk bit,-
357,Pewarna Makanan Karmin CI 75471,"Kalium hidroksida (INS 525) < 0,5%"
358,Pewarna Makanan Klorofil tembaga CI. No. 75810,"Polisorbat 80 (INS 433) 20-30%
Kalium hidroksida (INS 525) <1%"
359,Likopen,"dl-alfa-Tokoferol (INS 307c)
Askorbil palmitat (INS 304) 
Asam Askorbat (INS 300)"
360,Pewarna Makanan Karmin CI 75470 ,"Gliserol (INS 422) 
Amonium hidroksida (INS 527)"
361,,INS 1450 Modified corn starch 6.7%
362,,"Starch modified corn (E1450) 1-10%
Sorbitol (E420) 1-5%"
363,,Carmine INS120
364,,"glycerine E-422
acacia gum E-414
natural ß-carotene E-160a (iii)
ascorbic acid E-300
citric acid E-330
natural tocopherol E-306"
365,,"Polysorbate 80 (E 433)
DL-alpha tocopherol (E 307)
Acetic acid (E 260)
Beta-Carotene (E 160a(i))."
366,,"Sodium Hydroxid (E524) 0.5%
Sunflower Oil <0.1%"
367,,"Titanium Diokxide E171 20-30 %
Gum arabic E414 < 2 %
Xanthan gum E415 <2 %"
368,Beetroot 30-02,"Beetroot juice concentrate E612 40-60 %
Citric acid E330 2%"
369,Pemanis Alami Sorbitol,-
370,Pemanis Alami Maltitol,-
371,"pemanis buatan sakarin
IN SWEETENER : pemanis buatan sakarin (ADI :5 mg/kg BB)",-
372,pemanis buatan siklamatIN SWEETENER : pemanis buatan siklamat (ADI :5 mg/kg BB),-
373,"pemanis buatan asesulfam
IN SWEETENER : pemanis buatan asesulfam (ADI :15 mg/kg BB)",-
374,"pemanis buatan sukralosa
IN SWEETENER : pemanis buatan sukralosa  (ADI :15 mg/kg BB)",-
375,Rebaudioside- A ,-
376,"pemanis buatan aspartam
IN SWEETENER : pemanis buatan aspartam  (ADI :40 mg/kg BB)",Croscarmellose (INS 468) 1%
377,"Pemanis buatan siklamat 
IN SWEETENER : pemanis buatan siklamat (ADI:11mg/kg BB)
",-
378,Pemanis Alami Eritritol,-
379,"pemanis buatan aspartam
IN SWEETENER : pemanis buatan aspartam  (ADI :40 mg/kg BB)",-
380,Pemanis Alami Stevia,-
381,"pemanis buatan aspartam
IN SWEETENER : pemanis buatan aspartam  (ADI :40 mg/kg BB)",
382,Reb A 60,-
383,Perisa artifisial ,Silikon dioksida (INS 551) 1%
384,Ekstrak malt,-
385,Penguat rasa MSG,-
386,Perisa identik alami,"Manitol (INS 421) 2-7%
Kalium fosfat (INS 340)  1-5%
Pati natrium oktenil suksinat (INS 1450) <2%
Kalsium Fosfat (INS 341) <3%
Silikon dioksida (INS 551)   <4%
Kalium sitrat (INS 322) <5%"
387,Perisa artifisial ,"Maltodextrin 
Salt
SiO2 (1-5%)
Vegetable oil"
388,Perisa artifisial ,"INS 1450 Modified corn starch (20.9%)
INS 1520 Propylene glycol (4.3%)
INS 1518 Triacetin (1.9%)"
389,Perisa artifisial ,"maltodextrin
INS 1450 Modified corn starch 9.2 %
Flavourings
INS 1518 Triacetin 0.6 %
INS 1520 Propylene glycol 0.1 %"
390,Perisa alami ,"Maize maltodextrin
INS 1450 Modified corn starch
Palm oil
Flavourings"
391,Antikempal trikalsium fosfat,-
392,Antikempal silikon dioksida,-
393,Soda kue,-
394,Pengatur keasaman asam sitrat,-
395,Pengatur keasaman natrium sitrat,-
396,Pengatur keasaman asam malat,-
397,Penstabil nabati natrium fosfat,-
398,Pengatur keasaman kalium sitrat,-
399,Pengatur keasaman asam laktat,-
400,Serbuk yoghurt,-
401,Minyak jagung,-
402,Kukis Cokelat,-
403,Minyak jagung,"Asam sitrat (INS 330)
Askorbil palmitat (INS 304) "
404,Minyak zaitun,-
405,Beras merah organik,-
406,Minyak bawang dan kecap,Natrium Benzoat (INS 221) - di kecap manis
407,Bumbu bebek dan cabai,-
408,Minyak bawang,-
409,Bumbu ayam dan cabai,-
410,Minyak bawang dan kecap,-
411,Bumbu ayam bakar dan cabai,-
412,Mi blok,-
,,
,,
,,
,,
,,
,,
,,
,,
,,
,,
,,
,,
,,
,,
,,
,,
,,
,,
,,
,,
,,
,,
,,
,,
,,
,,
,,
,,
,,
,,
,,
,,
,,
,,
,,
,,
,,
,,
,,
,,
,,
,,
,,
,,
,,
,,
,,
,,
,,
,,
,,
,,
,,
,,
,,
,,
,,
,,
,,
,,
,,
,,
,,
,,
,,
,,
,,
,,
,,
,,
,,
,,
,,
,,
,,
,,
,,
,,
,,
,,
,,
,,
,,
,,
,,
,,
,,
,,
,,
,,
,,
,,
,,
,,
,,
,,
,,
,,
,,
,,
,,
,,
,,
,,
,,
,,
,,
,,
,,
,,
,,
,,
,,
,,
,,
,,
,,
,,
,,
,,
,,
,,
,,
,,
,,
,,
,,
,,
,,
,,
,,
,,
,,
,,
,,
,,
,,
,,
,,
,,
,,
,,
,,
,,
,,
,,
,,
,,
,,
,,
,,
,,
,,
,,
,,
,,
,,
,,
,,
,,
,,
,,
,,
,,
,,
,,
,,
,,
,,
,,
,,
,,
,,
,,
,,
,,
,,
,,
,,
,,
,,
,,
,,
,,
,,
,,
,,
,,
,,
,,
,,
,,
,,
,,
,,
,,
,,
,,
,,
,,
,,
,,
,,
,,
,,
,,
,,
,,
,,
,,
,,
,,
,,
,,
,,
,,
,,
,,
,,
,,
,,
,,
,,
,,
,,
,,
,,
,,
,,
,,
,,
,,
,,
,,
,,
,,
,,
,,
,,
,,
,,
,,
,,
,,
,,
,,
,,
,,
,,
,,
,,
,,
,,
,,
,,
,,
,,
,,
,,
,,
,,
,,
,,
,,
,,
,,
,,
,,
,,
,,
,,
,,
,,
,,
,,
,,
,,
,,
,,
,,
,,
,,
,,
,,
,,
,,
,,
,,
,,
,,
,,
,,
,,
,,
,,
,,
,,
,,
,,
,,
,,
,,
,,
,,
,,
,,
,,
